sim_time, n_taxi, n_passengers, capacities, len(sim.delivered_passengers), mean(commuting_times), max(commuting_times), stdev(commuting_times), total_distance, total_earnings, mean(total_taxi_occupancy)3600,40,50,[1],47.666666666666664,110.19308148791431,231.33333333333334,49.11813315275651,6875.666666666667,5183.016767630315,0.03645370370370371
3600,40,50,[1],45.333333333333336,106.81840924775707,245.0,53.808332100569714,6322.333333333333,4793.095812958497,0.03360185185185185
3600,40,50,"[1, 2]",47.666666666666664,108.65740363860624,227.33333333333334,51.415529310260524,6782.0,5127.994530073748,0.03593518518518519
3600,40,100,[1],94.33333333333333,114.97819673225042,260.3333333333333,51.33179582355613,14138.666666666666,10641.14865454926,0.07528472222222221
3600,40,100,"[1, 2]",96.66666666666667,111.4687857961054,243.66666666666666,52.6728527737601,13811.333333333334,10513.703148740104,0.07483333333333334
